Timestamp,A TEMP_Value (°„F),B TEMP_Value (°„F),C TEMP_Value (°„F),DISCHRG_PSIG_Value (psi),SUCTION_PSIG_Value (psi)
2019-10-08 18:10:00,-40.0,-40.0,-40.0,-100.0,-25.0
2019-10-08 18:20:00,-40.0,-40.0,-40.0,-100.0,-25.0
2019-10-08 18:30:00,-40.0,-40.0,-40.0,-100.0,-25.0
2019-10-08 18:40:00,-40.0,-40.0,-40.0,-100.0,-25.0
2019-10-08 18:50:00,-40.0,-40.0,-40.0,-100.0,-25.0
2019-10-08 19:00:00,-40.0,-40.0,-40.0,-100.0,-25.0
2019-10-08 19:10:00,-40.0,-40.0,-40.0,-100.0,-25.0
2019-10-08 19:20:00,-40.0,-40.0,-40.0,-100.0,-25.0
2019-10-08 19:30:00,-40.0,-40.0,-40.0,-100.0,-25.0
2019-10-08 19:40:00,-40.0,-40.0,-40.0,-100.0,-25.0
2019-10-08 19:50:00,-40.0,-40.0,-40.0,-100.0,-25.0
2019-10-08 20:00:00,-40.0,-40.0,-40.0,-100.0,-25.0
2019-10-08 20:10:00,-40.0,-40.0,-40.0,-100.0,-25.0
2019-10-08 20:20:00,-40.0,-40.0,-40.0,-100.0,-25.0
2019-10-08 20:30:00,-40.0,-40.0,-40.0,-100.0,-25.0
2019-10-08 20:40:00,-40.0,-40.0,-40.0,-100.0,-25.0
2019-10-08 20:50:00,-40.0,-40.0,-40.0,-100.0,-25.0
2019-10-08 21:00:00,-40.0,-40.0,-40.0,-100.0,-25.0
2019-10-08 21:10:00,-40.0,-40.0,-40.0,-100.0,-25.0
2019-10-08 21:20:00,-40.0,-40.0,-40.0,-100.0,-25.0
2019-10-08 21:30:00,-40.0,-40.0,-40.0,-100.0,-25.0
2019-10-08 21:40:00,-40.0,-40.0,-40.0,-100.0,-25.0
2019-10-08 21:50:00,-40.0,-40.0,-40.0,-100.0,-25.0
2019-10-08 22:00:00,-40.0,-40.0,-40.0,-100.0,-25.0
2019-10-08 22:10:00,-40.0,-40.0,-40.0,-100.0,-25.0
2019-10-08 22:20:00,-40.0,-40.0,-40.0,-100.0,-25.0
2019-10-08 22:30:00,-40.0,-40.0,-40.0,-100.0,-25.0
2019-10-08 22:40:00,-40.0,-40.0,-40.0,-100.0,-25.0
2019-10-08 22:50:00,-40.0,-40.0,-40.0,-100.0,-25.0
2019-10-08 23:00:00,-40.0,-40.0,-40.0,-100.0,-25.0
2019-10-08 23:10:00,-40.0,-40.0,-40.0,-100.0,-25.0
2019-10-08 23:20:00,-40.0,-40.0,-40.0,-100.0,-25.0
2019-10-08 23:30:00,-40.0,-40.0,-40.0,-100.0,-25.0
2019-10-08 23:40:00,-40.0,-40.0,-40.0,-100.0,-25.0
2019-10-08 23:50:00,-40.0,-40.0,-40.0,-100.0,-25.0
2019-10-09 00:00:00,-40.0,-40.0,-40.0,-100.0,-25.0
2019-10-09 00:10:00,-40.0,-40.0,-40.0,-100.0,-25.0
2019-10-09 00:20:00,-40.0,-40.0,-40.0,-100.0,-25.0
2019-10-09 00:30:00,-40.0,-40.0,-40.0,-100.0,-25.0
2019-10-09 00:40:00,-40.0,-40.0,-40.0,-100.0,-25.0
2019-10-09 00:50:00,-40.0,-40.0,-40.0,-100.0,-25.0
2019-10-09 01:00:00,-40.0,-40.0,-40.0,-100.0,-25.0
2019-10-09 01:10:00,-40.0,-40.0,-40.0,-100.0,-25.0
2019-10-09 01:20:00,-40.0,-40.0,-40.0,-100.0,-25.0
2019-10-09 01:30:00,-40.0,-40.0,-40.0,-100.0,-25.0
2019-10-09 01:40:00,-40.0,-40.0,-40.0,-100.0,-25.0
2019-10-09 01:50:00,-40.0,-40.0,-40.0,-100.0,-25.0
2019-10-09 02:00:00,-40.0,-40.0,-40.0,-100.0,-25.0
2019-10-09 02:10:00,-40.0,-40.0,-40.0,-100.0,-25.0
2019-10-09 02:20:00,-40.0,-40.0,-40.0,-100.0,-25.0
2019-10-09 02:30:00,-40.0,-40.0,-40.0,-100.0,-25.0
2019-10-09 02:40:00,-40.0,-40.0,-40.0,-100.0,-25.0
2019-10-09 02:50:00,-40.0,-40.0,-40.0,-100.0,-25.0
2019-10-09 03:00:00,-40.0,-40.0,-40.0,-100.0,-25.0
2019-10-09 03:10:00,-40.0,-40.0,-40.0,-100.0,-25.0
2019-10-09 03:20:00,-40.0,-40.0,-40.0,-100.0,-25.0
2019-10-09 03:30:00,-40.0,-40.0,-40.0,-100.0,-25.0
2019-10-09 03:40:00,-40.0,-40.0,-40.0,-100.0,-25.0
2019-10-09 03:50:00,-40.0,-40.0,-40.0,-100.0,-25.0
2019-10-09 04:00:00,-40.0,-40.0,-40.0,-100.0,-25.0
2019-10-09 04:10:00,-40.0,-40.0,-40.0,-100.0,-25.0
2019-10-09 04:20:00,-40.0,-40.0,-40.0,-100.0,-25.0
2019-10-09 04:30:00,-40.0,-40.0,-40.0,-100.0,-25.0
2019-10-09 04:40:00,-40.0,-40.0,-40.0,-100.0,-25.0
2019-10-09 04:50:00,-40.0,-40.0,-40.0,-100.0,-25.0
2019-10-09 05:00:00,-40.0,-40.0,-40.0,-100.0,-25.0
2019-10-09 05:10:00,-40.0,-40.0,-40.0,-100.0,-25.0
2019-10-09 05:20:00,-40.0,-40.0,-40.0,-100.0,-25.0
2019-10-09 05:30:00,-40.0,-40.0,-40.0,-100.0,-25.0
2019-10-09 05:40:00,-40.0,-40.0,-40.0,-100.0,-25.0
2019-10-09 05:50:00,-40.0,-40.0,-40.0,-100.0,-25.0
2019-10-09 06:00:00,-40.0,-40.0,-40.0,-100.0,-25.0
2019-10-09 06:10:00,-40.0,-40.0,-40.0,-100.0,-25.0
2019-10-09 06:20:00,-40.0,-40.0,-40.0,-100.0,-25.0
2019-10-09 06:30:00,-40.0,-40.0,-40.0,-100.0,-25.0
2019-10-09 06:40:00,-40.0,-40.0,-40.0,-100.0,-25.0
2019-10-09 06:50:00,-40.0,-40.0,-40.0,-100.0,-25.0
2019-10-09 07:00:00,-40.0,-40.0,-40.0,-100.0,-25.0
2019-10-09 07:10:00,-40.0,-40.0,-40.0,-100.0,-25.0
2019-10-09 07:20:00,-40.0,-40.0,-40.0,-100.0,-25.0
2019-10-09 07:30:00,-40.0,-40.0,-40.0,-100.0,-25.0
2019-10-09 07:40:00,-40.0,-40.0,-40.0,-100.0,-25.0
2019-10-09 07:50:00,-40.0,-40.0,-40.0,-100.0,-25.0
2019-10-09 08:00:00,-40.0,-40.0,-40.0,-100.0,-25.0
2019-10-09 08:10:00,-40.0,-40.0,-40.0,-100.0,-25.0
2019-10-09 08:20:00,-40.0,-40.0,-40.0,-100.0,-25.0
2019-10-09 08:30:00,-40.0,-40.0,-40.0,-100.0,-25.0
2019-10-09 08:40:00,-40.0,-40.0,-40.0,-100.0,-25.0
2019-10-09 08:50:00,-40.0,-40.0,-40.0,-100.0,-25.0
2019-10-09 09:00:00,-40.0,-40.0,-40.0,-100.0,-25.0
2019-10-09 09:10:00,-40.0,-40.0,-40.0,-100.0,-25.0
2019-10-09 09:20:00,-40.0,-40.0,-40.0,-100.0,-25.0
2019-10-09 09:30:00,-40.0,-40.0,-40.0,-100.0,-25.0
2019-10-09 09:40:00,-40.0,-40.0,-40.0,-100.0,-25.0
2019-10-09 09:50:00,-40.0,-40.0,-40.0,-100.0,-25.0
2019-10-09 10:00:00,-40.0,-40.0,-40.0,-100.0,-25.0
2019-10-09 10:10:00,-40.0,-40.0,-40.0,-100.0,-25.0
2019-10-09 10:20:00,-40.0,-40.0,-40.0,-100.0,-25.0
2019-10-09 10:30:00,-40.0,-40.0,-40.0,-100.0,-25.0
2019-10-09 10:40:00,-40.0,-40.0,-40.0,-100.0,-25.0
2019-10-09 10:50:00,-40.0,-40.0,-40.0,-100.0,-25.0
2019-10-09 11:00:00,-40.0,-40.0,-40.0,-100.0,-25.0
2019-10-09 11:10:00,-40.0,-40.0,-40.0,-100.0,-25.0
2019-10-09 11:20:00,-40.0,-40.0,-40.0,-100.0,-25.0
2019-10-09 11:30:00,-40.0,-40.0,-40.0,-100.0,-25.0
2019-10-09 11:40:00,-40.0,-40.0,-40.0,-100.0,-25.0
2019-10-09 11:50:00,-40.0,-40.0,-40.0,-100.0,-25.0
2019-10-09 12:00:00,-39.5,-17.0,88.0,-100.0,-25.0
2019-10-09 12:10:00,-39.5,-17.0,88.0,217.9,10.5
2019-10-09 12:20:00,-39.5,-16.5,88.0,202.7,14.1
2019-10-09 12:30:00,-39.5,-16.5,88.0,219.8,9.9
2019-10-09 12:40:00,-39.5,-17.0,88.0,221.3,9.4
2019-10-09 12:50:00,-39.5,-17.5,88.0,220.8,9.6
2019-10-09 13:00:00,-39.5,-3.5,88.0,217.4,12.7
2019-10-09 13:10:00,-1.0,12.5,88.0,201.3,12.1
2019-10-09 13:20:00,-19.5,-11.0,88.0,201.3,12.6
2019-10-09 13:30:00,-29.0,-14.0,88.0,222.8,9.2
2019-10-09 13:40:00,-39.5,-13.0,88.0,208.6,12.7
2019-10-09 13:50:00,-39.5,-12.5,88.0,211.5,16.6
2019-10-09 14:00:00,-39.5,-15.0,88.0,209.1,10.5
2019-10-09 14:10:00,-6.0,25.0,88.0,189.6,12.7
2019-10-09 14:20:00,-39.5,46.0,88.0,215.9,12.7
2019-10-09 14:30:00,-16.0,58.0,88.0,235.5,14.4
2019-10-09 14:40:00,-39.5,9.5,88.0,255.0,12.1
2019-10-09 14:50:00,-39.5,-3.5,88.0,243.8,12.6
2019-10-09 15:00:00,88.0,-5.5,-8.0,239.4,13.8
2019-10-09 15:10:00,88.0,-9.0,-4.0,219.8,17.9
2019-10-09 15:20:00,7.5,-10.5,-1.0,234.0,10.0
2019-10-09 15:30:00,-6.0,-12.5,-20.5,229.6,9.2
2019-10-09 15:40:01,-5.5,-10.5,-17.5,219.3,23.0
2019-10-09 15:50:00,-4.5,-10.5,-17.5,240.8,14.3
2019-10-09 16:00:00,-7.0,-13.5,-21.5,226.7,11.9
2019-10-09 16:10:00,-6.0,-12.0,-20.0,236.9,13.0
2019-10-09 16:20:00,-7.5,-14.5,-22.0,228.1,10.2
2019-10-09 16:30:00,-5.5,-12.0,-19.5,223.7,12.1
2019-10-09 16:40:00,-7.5,-14.5,-22.5,224.7,9.2
2019-10-09 16:50:00,-4.5,-11.5,-19.5,224.2,11.6
2019-10-09 17:00:00,-8.0,-14.0,-22.0,219.8,13.1
2019-10-09 17:30:00,4.5,-5.0,-10.5,261.3,12.0
2019-10-09 17:40:00,-5.5,-12.0,-18.5,234.5,11.0
2019-10-09 17:50:00,-5.0,-11.0,-18.0,228.1,14.2
2019-10-09 18:00:00,-5.5,-12.5,-20.0,235.5,11.9
2019-10-09 18:10:00,-7.5,-13.5,-21.5,235.0,11.4
2019-10-09 18:20:00,-8.0,-11.5,-19.0,215.9,12.6
2019-10-09 18:30:00,-6.0,-12.0,-20.5,238.4,13.2
2019-10-09 18:40:00,-5.5,-13.5,-20.5,236.4,12.1
2019-10-09 18:50:00,-7.5,-9.0,-17.5,222.3,13.9
2019-10-09 19:00:00,-4.5,-11.0,-19.0,257.9,12.8
2019-10-09 19:10:00,-8.0,-15.0,-22.0,237.4,11.9
2019-10-09 19:20:00,-3.5,-10.5,-18.5,261.8,14.2
2019-10-09 19:30:00,-7.5,-14.5,-22.0,245.7,9.2
2019-10-09 19:40:00,-5.5,-12.0,-19.0,221.8,15.0
2019-10-09 19:50:00,-5.5,-11.5,-18.5,230.1,16.1
2019-10-09 20:00:00,-6.0,-12.5,-19.0,227.2,14.7
2019-10-09 20:10:00,7.0,23.5,21.0,211.0,14.7
2019-10-09 20:20:00,-10.0,45.0,45.5,191.0,15.9
2019-10-09 20:30:00,40.5,57.5,45.0,194.9,9.8
2019-10-09 20:40:00,6.0,10.0,3.0,213.5,14.1
2019-10-09 20:50:00,-39.5,-2.5,-6.0,211.5,11.0
2019-10-09 21:00:00,-3.0,-6.5,-11.5,194.0,15.5
2019-10-09 21:10:00,-9.5,-11.0,-17.5,187.6,10.6
2019-10-09 21:20:00,-6.0,-11.0,-18.0,176.4,14.4
2019-10-09 21:30:00,-6.0,-14.0,-21.0,183.2,9.8
2019-10-09 21:40:00,-6.5,-12.0,-18.5,184.7,20.7
2019-10-09 21:50:00,-5.5,-13.5,-21.5,197.4,12.2
2019-10-09 22:00:00,-6.5,-6.5,-16.5,179.3,12.8
2019-10-09 22:10:00,-5.5,-13.5,-20.5,183.7,13.0
2019-10-09 22:20:00,-6.0,-13.5,-20.5,185.2,15.0
2019-10-09 22:30:00,-6.5,-14.5,-21.5,183.7,13.8
2019-10-09 22:40:00,-8.0,-16.0,-23.5,174.4,12.5
2019-10-09 22:50:00,-6.0,-12.0,-19.5,201.8,13.2
2019-10-09 23:00:00,-8.0,-16.0,-23.5,183.7,12.0
2019-10-09 23:10:00,-5.5,-13.5,-20.0,175.9,14.9
2019-10-09 23:20:00,-5.0,-12.0,-19.0,205.2,13.3
2019-10-09 23:30:00,-7.5,-15.5,-22.5,194.4,8.9
2019-10-09 23:40:00,-5.5,-13.0,-20.0,200.3,12.2
2019-10-09 23:50:00,-7.0,-8.5,-17.5,189.6,13.2
2019-10-10 00:00:00,-7.0,-14.5,-21.5,187.6,17.2
2019-10-10 00:10:00,-6.0,-13.0,-19.5,177.4,15.0
2019-10-10 00:20:00,-6.0,-13.5,-20.0,193.0,12.1
2019-10-10 00:30:00,-6.5,-6.5,-15.0,167.1,11.7
2019-10-10 00:40:00,-6.0,-14.0,-21.0,175.4,13.1
2019-10-10 00:50:00,-9.0,-17.5,-24.0,168.6,10.4
2019-10-10 01:00:00,-9.0,-17.0,-24.0,159.8,12.6
2019-10-10 01:10:00,-5.5,-13.5,-20.0,164.2,15.5
2019-10-10 01:20:00,-8.5,-16.5,-23.0,182.7,11.4
2019-10-10 01:30:00,-9.0,-17.0,-24.5,166.1,11.5
2019-10-10 01:40:00,-6.5,-14.0,-20.5,173.0,12.0
2019-10-10 01:50:00,-7.5,-6.5,-14.5,165.2,11.1
2019-10-10 02:00:00,-7.0,-13.5,-19.5,178.8,16.5
2019-10-10 02:10:00,8.0,23.0,21.0,166.1,10.5
2019-10-10 02:20:00,31.5,45.0,45.0,159.8,11.1
2019-10-10 02:30:00,42.5,58.0,46.0,159.3,12.5
2019-10-10 02:40:00,-8.0,9.5,3.5,191.0,9.7
2019-10-10 02:50:00,3.5,-4.5,-7.0,178.3,12.7
2019-10-10 03:00:00,-1.0,-8.5,-13.5,167.1,16.9
2019-10-10 03:10:00,-5.0,-11.5,-18.0,173.9,10.3
2019-10-10 03:20:00,-6.5,-11.0,-17.0,161.2,18.3
2019-10-10 03:30:00,-7.0,-14.5,-22.0,177.4,9.3
2019-10-10 03:40:00,-1.5,-8.0,-14.0,182.7,15.7
2019-10-10 03:50:00,-7.0,-14.5,-22.0,189.1,11.0
2019-10-10 04:00:00,-5.0,-10.0,-17.0,170.0,16.9
2019-10-10 04:10:00,-7.5,-15.5,-23.0,173.9,9.7
2019-10-10 04:20:00,-3.5,-12.0,-20.0,171.0,10.0
2019-10-10 04:30:00,-8.5,-12.0,-19.0,156.9,19.2
2019-10-10 04:40:00,-7.0,-15.0,-22.5,162.7,11.5
2019-10-10 04:50:00,-5.5,-10.5,-18.0,174.4,12.1
2019-10-10 05:00:00,-8.5,-16.5,-23.5,175.9,9.2
2019-10-10 05:10:00,-4.5,-13.0,-19.5,168.1,16.1
2019-10-10 05:20:00,-7.0,-14.0,-22.0,192.0,10.3
2019-10-10 05:30:00,-6.0,-12.5,-20.0,177.4,12.6
2019-10-10 05:40:00,-7.0,-10.5,-17.5,179.8,10.8
2019-10-10 05:50:00,-6.0,-13.0,-19.5,186.6,10.5
2019-10-10 06:00:00,-6.5,-6.5,-14.0,173.9,17.9
2019-10-10 06:10:00,-6.5,-13.5,-20.5,197.9,12.1
2019-10-10 06:20:00,-7.5,-7.0,-15.5,186.6,13.1
2019-10-10 06:30:00,-6.5,-14.5,-21.5,193.0,12.1
2019-10-10 06:40:00,-8.5,-10.5,-18.0,181.8,11.6
2019-10-10 06:50:00,-7.0,-14.0,-20.5,178.8,14.9
2019-10-10 07:00:00,-7.0,-13.5,-20.5,193.5,11.0
2019-10-10 07:10:00,-7.5,-7.0,-15.0,182.2,17.4
2019-10-10 07:20:00,-3.5,-13.0,-20.0,226.2,8.9
2019-10-10 07:30:00,-6.0,-6.5,-15.0,191.5,15.7
2019-10-10 07:40:00,-8.0,-17.0,-24.0,195.9,11.3
2019-10-10 07:50:00,-6.5,-13.0,-19.0,201.8,12.0
2019-10-10 08:00:00,-7.5,-6.0,-15.0,191.0,11.5
2019-10-10 08:10:00,8.5,24.0,21.0,186.6,12.6
2019-10-10 08:20:00,30.5,45.5,45.5,187.1,11.5
2019-10-10 08:30:00,42.5,58.0,46.0,187.1,14.4
2019-10-10 08:40:00,-3.0,10.0,4.0,229.6,11.5
2019-10-10 08:50:00,-18.5,-4.0,-7.0,214.5,10.8
2019-10-10 09:00:00,-0.5,-6.5,-12.0,217.9,14.2
2019-10-10 09:10:00,-11.5,-9.5,-15.5,199.3,17.6
2019-10-10 09:20:00,-4.5,-10.0,-17.0,212.0,11.6
2019-10-10 09:30:00,-5.0,-10.0,-16.0,206.2,15.4
2019-10-10 09:40:00,-4.5,-11.0,-18.5,215.4,13.1
2019-10-10 09:50:00,-7.0,-14.5,-22.5,201.3,12.8
2019-10-10 10:00:00,-6.5,-13.0,-21.0,208.1,12.2
2019-10-10 10:10:00,-6.5,-9.0,-18.5,180.3,10.3
2019-10-10 10:20:00,-5.5,-12.5,-20.5,190.5,14.6
2019-10-10 10:30:00,-7.5,-14.5,-22.0,195.4,12.4
2019-10-10 10:40:00,-3.5,-6.5,-12.0,173.9,25.4
2019-10-10 10:50:00,-3.5,-12.0,-19.0,214.0,13.0
2019-10-10 11:00:00,-6.5,-13.5,-20.0,192.0,14.7
2019-10-10 11:10:00,-8.0,-15.5,-22.0,197.4,13.8
2019-10-10 11:20:00,-3.5,-11.0,-18.0,219.3,15.4
2019-10-10 11:30:00,-7.5,-16.0,-23.5,210.6,10.6
2019-10-10 11:40:00,-7.0,-13.5,-21.5,213.5,11.5
2019-10-10 11:50:00,-5.5,-13.0,-20.0,220.3,11.5
2019-10-10 12:00:00,-7.0,-10.0,-18.5,210.6,8.2
2019-10-10 12:10:00,-6.5,-13.5,-20.5,214.0,13.0
2019-10-10 12:20:00,-8.0,-15.0,-21.0,201.8,13.8
2019-10-10 12:30:00,-8.0,-15.0,-23.0,206.7,11.4
2019-10-10 12:40:00,-6.0,-12.5,-20.0,206.7,11.7
2019-10-10 12:50:00,-8.0,-15.5,-23.0,212.5,12.2
2019-10-10 13:00:00,-5.5,-12.5,-20.5,207.6,11.0
2019-10-10 13:10:00,-7.0,-7.0,-16.5,186.1,9.4
2019-10-10 13:20:00,-5.5,-12.0,-19.0,224.7,14.7
2019-10-10 13:30:00,-8.5,-16.0,-23.5,207.6,8.7
2019-10-10 13:40:00,-5.0,-12.5,-19.0,201.8,15.2
2019-10-10 13:50:00,-7.0,-15.0,-21.5,198.8,12.6
2019-10-10 14:00:00,-6.5,-7.0,-13.5,176.4,24.3
2019-10-10 14:10:00,14.5,22.5,20.0,191.0,9.7
2019-10-10 14:20:00,37.0,43.5,45.0,187.6,17.5
2019-10-10 14:30:00,47.5,55.0,47.0,192.0,11.5
2019-10-10 14:40:00,-39.5,8.5,1.5,214.0,9.2
2019-10-10 14:50:00,-15.0,-3.0,-6.0,203.2,14.7
2019-10-10 15:00:00,-6.0,-8.5,-13.5,195.9,12.1
2019-10-10 15:10:00,-5.5,-8.0,-14.0,200.3,16.0
2019-10-10 15:20:00,-7.0,-13.5,-20.5,193.0,9.8
2019-10-10 15:30:00,-5.5,-11.0,-18.5,194.0,13.2
2019-10-10 15:40:00,-6.0,-11.0,-17.0,205.2,13.9
2019-10-10 15:50:00,-5.5,-11.5,-20.0,221.8,11.0
2019-10-10 16:00:00,-7.0,-13.5,-20.5,198.4,14.3
2019-10-10 16:10:00,-9.0,-16.5,-23.5,192.0,10.9
2019-10-10 16:20:00,-5.5,-12.5,-19.0,182.2,16.3
2019-10-10 16:30:00,-6.5,-13.0,-20.5,191.5,15.7
2019-10-10 16:40:00,-5.0,-12.5,-19.5,192.0,15.3
2019-10-10 16:50:00,-3.5,-10.0,-19.0,203.2,16.3
2019-10-10 17:00:00,-7.0,-15.0,-23.0,196.9,15.4
2019-10-10 17:10:00,-2.5,-11.5,-19.5,196.9,14.1
2019-10-10 17:20:00,-3.5,-11.0,-18.5,204.7,12.0
2019-10-10 17:30:00,-6.5,-14.0,-22.0,197.4,15.3
2019-10-10 17:40:00,-5.0,-12.5,-21.0,214.0,10.4
2019-10-10 17:50:00,-4.5,-12.5,-21.0,203.7,13.6
2019-10-10 18:00:00,-2.5,-11.5,-20.0,210.6,14.8
2019-10-10 18:10:00,-6.0,-12.5,-20.0,204.7,15.7
2019-10-10 18:20:00,-6.5,-14.5,-23.0,198.8,10.3
2019-10-10 18:30:00,-5.0,-11.0,-19.0,194.0,13.8
2019-10-10 18:40:00,-6.5,-13.5,-21.0,198.4,14.6
2019-10-10 18:50:00,-3.5,-10.5,-18.0,246.7,13.5
2019-10-10 19:00:00,-7.0,-15.0,-23.0,222.3,8.9
2019-10-10 19:10:00,-4.5,-10.5,-18.0,231.6,16.0
2019-10-10 19:20:00,-4.0,-10.5,-18.5,256.9,13.5
2019-10-10 19:30:00,-7.0,-14.5,-22.0,243.3,11.3
2019-10-10 19:40:00,-6.0,-6.5,-15.5,226.7,14.6
2019-10-10 19:50:00,-3.0,-11.5,-19.5,245.2,11.6
2019-10-10 20:00:00,-7.0,-14.0,-21.0,225.7,11.5
2019-10-10 20:10:00,13.0,22.0,21.0,223.3,12.4
2019-10-10 20:20:00,36.0,43.5,45.0,209.1,17.5
2019-10-10 20:30:00,45.5,57.0,46.5,218.4,12.8
2019-10-10 20:40:00,-15.0,10.5,3.5,247.2,13.6
2019-10-10 20:50:00,-39.5,-3.0,-5.5,231.1,13.8
2019-10-10 21:00:00,-19.5,-6.5,-12.0,237.4,10.4
2019-10-10 21:10:00,-5.5,-9.5,-15.5,223.7,13.9
2019-10-10 21:20:00,-6.0,-9.5,-16.5,222.3,12.7
2019-10-10 21:30:00,-2.5,-8.5,-16.5,249.6,12.5
2019-10-10 21:40:00,-5.5,-12.0,-19.5,242.8,9.8
2019-10-10 21:50:00,-4.5,-12.0,-19.0,228.6,14.1
2019-10-10 22:00:00,-3.5,-11.0,-18.0,231.6,14.6
2019-10-10 22:10:00,-6.5,-14.5,-22.0,215.4,9.6
2019-10-10 22:20:00,-3.0,-10.5,-18.0,214.5,13.7
2019-10-10 22:30:00,-4.5,-12.0,-19.0,227.2,11.6
2019-10-10 22:40:00,-7.5,-15.0,-22.5,211.0,11.0
2019-10-10 22:50:00,-4.5,-11.0,-19.0,246.2,14.1
2019-10-10 23:00:00,-6.5,-14.0,-21.5,233.0,11.7
2019-10-10 23:10:00,-4.5,-12.5,-19.5,227.6,14.9
2019-10-10 23:20:00,-5.0,-11.5,-19.0,244.2,13.0
2019-10-10 23:30:00,-5.5,-12.5,-19.0,226.7,15.8
2019-10-10 23:40:00,-3.5,-12.0,-18.5,224.7,15.2
2019-10-10 23:50:00,-4.5,-12.5,-19.0,220.8,13.2
2019-10-11 00:00:00,-4.5,-12.5,-19.0,217.9,14.9
2019-10-11 00:10:00,-6.0,-13.5,-20.5,213.5,13.3
2019-10-11 00:20:00,-5.0,-11.5,-18.0,226.7,15.7
2019-10-11 00:30:00,-5.5,-13.5,-20.0,219.3,12.6
2019-10-11 00:40:00,-6.5,-13.0,-20.0,222.3,12.6
2019-10-11 00:50:00,-6.0,-13.0,-19.5,221.8,13.9
2019-10-11 01:00:00,-8.0,-15.0,-22.0,212.5,10.2
2019-10-11 01:10:00,-6.0,-12.5,-19.5,220.8,14.7
2019-10-11 01:20:00,-5.0,-12.0,-19.0,241.8,12.7
2019-10-11 01:30:00,-7.0,-12.0,-19.0,217.9,11.9
2019-10-11 01:40:00,-5.0,-12.0,-18.5,220.8,15.2
2019-10-11 01:50:00,-6.5,-14.0,-20.0,212.5,14.1
2019-10-11 02:00:00,-5.5,-13.5,-19.5,217.9,13.9
2019-10-11 02:10:00,13.5,23.0,20.5,210.1,10.2
2019-10-11 02:20:00,37.0,45.0,45.5,212.0,13.8
2019-10-11 02:30:00,48.0,58.0,46.0,210.1,10.6
2019-10-11 02:40:00,-19.0,13.0,4.0,219.3,16.8
2019-10-11 02:50:00,-5.5,-5.0,-8.5,220.8,11.7
2019-10-11 03:00:00,-11.0,-4.5,-8.0,203.2,14.4
2019-10-11 03:10:00,-10.5,-8.0,-14.0,215.0,14.6
2019-10-11 03:20:00,-7.0,-12.5,-19.0,204.7,9.8
2019-10-11 03:30:00,-3.0,-9.5,-17.0,229.6,12.7
2019-10-11 03:40:00,-6.0,-13.0,-20.0,211.0,10.0
2019-10-11 03:50:00,-5.5,-11.0,-18.5,220.3,14.7
2019-10-11 04:00:00,-5.0,-12.5,-19.0,214.5,13.5
2019-10-11 04:10:00,-7.0,-11.0,-20.0,195.4,12.1
2019-10-11 04:20:00,-5.0,-12.0,-19.0,214.5,14.7
2019-10-11 04:30:00,-7.0,-15.0,-22.0,203.2,14.4
2019-10-11 04:40:00,-8.0,-16.5,-23.5,186.6,10.5
2019-10-11 04:50:01,-0.0,-9.0,-16.0,213.5,11.5
2019-10-11 05:00:01,-8.5,-16.0,-22.5,189.1,11.1
2019-10-11 05:10:00,-5.5,-13.0,-20.0,187.6,13.6
2019-10-11 05:20:00,-6.5,-11.0,-19.5,194.0,12.1
2019-10-11 05:30:01,-5.5,-13.0,-19.0,197.4,12.8
2019-10-11 05:40:00,-7.5,-12.0,-19.5,181.3,14.2
2019-10-11 05:50:00,-8.5,-16.5,-23.5,179.8,12.5
2019-10-11 06:00:00,-7.0,-13.0,-20.5,207.6,11.5
2019-10-11 06:10:00,-6.5,-6.0,-14.5,184.7,12.0
2019-10-11 06:20:00,-7.5,-14.0,-21.0,206.7,11.5
2019-10-11 06:30:00,-7.5,-6.0,-14.5,188.1,12.6
2019-10-11 06:40:00,-6.0,-13.0,-19.0,201.3,12.8
2019-10-11 06:50:00,-9.5,-16.0,-23.0,191.0,13.9
2019-10-11 07:00:00,-6.0,-13.5,-20.0,188.6,16.6
2019-10-11 07:10:00,-9.5,-16.5,-22.5,201.8,12.4
2019-10-11 07:20:00,-4.5,-11.5,-18.0,229.1,12.2
2019-10-11 07:30:00,-8.0,-12.0,-18.5,198.8,15.5
2019-10-11 07:40:00,-2.5,-11.5,-19.0,241.3,13.5
2019-10-11 07:50:00,-7.5,-15.0,-22.0,231.1,9.3
2019-10-11 08:00:00,-4.5,-11.0,-18.5,218.9,15.5
2019-10-11 08:10:00,15.0,23.0,20.0,224.2,12.7
2019-10-11 08:20:00,38.5,45.0,45.0,197.4,14.4
2019-10-11 08:30:00,49.5,57.5,47.0,211.5,12.4
2019-10-11 08:40:00,-22.5,10.0,2.5,233.5,12.0
2019-10-11 08:50:00,-39.5,-4.0,-7.0,238.4,10.3
2019-10-11 09:00:00,-7.5,-8.5,-13.0,214.0,12.7
2019-10-11 09:10:00,-5.0,-7.0,-14.0,236.4,12.5
2019-10-11 09:20:00,-7.0,-12.5,-19.5,214.0,12.8
2019-10-11 09:30:00,-5.0,-9.5,-17.5,238.9,12.6
2019-10-11 09:40:00,-6.0,-12.0,-20.0,238.9,9.7
2019-10-11 09:50:00,-5.5,-11.5,-19.0,225.7,14.3
2019-10-11 10:00:00,-5.5,-12.0,-20.0,237.9,10.0
2019-10-11 10:10:00,-7.5,-15.0,-22.0,211.0,13.2
2019-10-11 10:20:00,-5.5,-11.5,-19.0,216.4,13.1
2019-10-11 10:30:00,-6.0,-13.5,-20.5,221.8,14.3
2019-10-11 10:40:00,-5.0,-12.0,-19.0,222.8,13.5
2019-10-11 10:50:00,-5.0,-10.5,-18.0,248.2,14.6
2019-10-11 11:00:00,-7.5,-14.5,-21.5,218.9,13.5
2019-10-11 11:10:00,-5.0,-11.5,-18.5,227.2,15.0
2019-10-11 11:20:00,-5.0,-11.0,-18.5,247.2,14.1
2019-10-11 11:30:00,-6.0,-12.0,-19.5,247.7,13.7
2019-10-11 11:40:00,-5.0,-12.0,-19.0,245.7,13.3
2019-10-11 11:50:00,-7.5,-13.0,-20.5,244.7,12.0
2019-10-11 12:00:00,-6.5,-13.5,-20.5,235.5,10.5
2019-10-11 12:10:00,-6.5,-12.0,-18.5,228.6,16.6
2019-10-11 12:20:00,-8.0,-15.0,-22.0,233.0,14.4
2019-10-11 12:30:00,-7.0,-13.0,-20.0,223.3,13.7
2019-10-11 12:40:00,-7.0,-13.5,-22.0,236.4,8.8
2019-10-11 12:50:00,-5.5,-13.0,-19.5,228.1,15.9
2019-10-11 13:00:00,-8.5,-15.5,-23.0,234.5,11.4
2019-10-11 13:10:00,-5.0,-11.5,-18.5,230.6,15.2
2019-10-11 13:20:00,-5.5,-11.5,-18.5,249.1,13.5
2019-10-11 13:30:00,-7.0,-14.0,-22.0,246.7,12.2
2019-10-11 13:40:00,-6.5,-6.0,-14.5,212.5,15.2
2019-10-11 13:50:00,-6.0,-14.0,-21.0,225.7,12.6
2019-10-11 14:00:00,-5.5,-6.5,-15.0,200.8,17.4
2019-10-11 14:10:00,16.5,23.5,20.5,203.7,14.3
2019-10-11 14:20:00,38.5,44.5,45.0,211.5,12.4
2019-10-11 14:30:00,49.0,57.0,48.5,223.3,9.7
2019-10-11 14:40:00,1.5,14.5,5.5,230.6,16.8
2019-10-11 14:50:00,-39.5,-5.0,-8.5,207.1,9.9
2019-10-11 15:00:00,-39.5,-7.0,-13.5,214.0,10.9
2019-10-11 15:10:00,-8.0,-9.5,-16.0,201.8,12.1
2019-10-11 15:20:00,-5.5,-9.0,-16.5,200.3,13.9
2019-10-11 15:30:00,-5.0,-11.0,-18.0,204.7,14.8
2019-10-11 15:40:00,-5.0,-11.5,-19.0,203.7,14.4
2019-10-11 15:50:00,-6.5,-13.0,-20.0,199.8,13.8
2019-10-11 16:00:00,-6.5,-13.5,-21.0,203.2,13.5
2019-10-11 16:10:00,-6.0,-6.0,-14.0,184.7,16.1
2019-10-11 16:20:00,-6.0,-13.0,-22.0,215.4,11.0
2019-10-11 16:30:00,-7.5,-13.5,-20.0,201.8,16.5
2019-10-11 16:40:00,-1.5,-10.5,-18.0,231.1,13.2
2019-10-11 16:50:00,-5.0,-12.5,-19.5,229.6,12.7
2019-10-11 17:00:00,-6.0,-13.0,-20.0,226.2,11.6
2019-10-11 17:10:00,-6.5,-13.0,-20.5,230.6,10.6
2019-10-11 17:20:00,-4.5,-11.5,-18.5,236.9,15.9
2019-10-11 17:30:00,-6.5,-13.5,-21.0,233.5,11.3
2019-10-11 17:40:00,-6.5,-9.0,-17.5,229.6,11.4
2019-10-11 17:50:00,-7.5,-15.0,-22.0,221.8,11.0
2019-10-11 18:00:00,-6.5,-12.5,-20.0,223.3,12.4
2019-10-11 18:10:00,-8.0,-8.5,-16.5,203.2,13.8
2019-10-11 18:20:00,-5.0,-11.5,-18.5,221.8,12.6
2019-10-11 18:30:00,-7.5,-15.0,-23.0,219.3,10.0
2019-10-11 18:40:00,-5.5,-13.0,-20.5,215.0,11.9
2019-10-11 18:50:00,-6.0,-14.0,-21.0,223.3,12.1
2019-10-11 19:00:00,-6.5,-6.5,-15.5,194.0,10.9
2019-10-11 19:10:00,-6.5,-13.0,-21.0,219.8,13.1
2019-10-11 19:20:00,-6.0,-13.5,-20.5,220.8,13.2
2019-10-11 19:30:00,-8.5,-15.0,-20.5,207.6,17.7
2019-10-11 19:40:00,-5.0,-13.0,-20.0,216.4,13.3
2019-10-11 19:50:00,-8.0,-16.5,-23.0,212.0,8.7
2019-10-11 20:00:00,-5.0,-12.5,-19.5,211.5,12.8
2019-10-11 20:10:00,13.5,23.0,20.5,206.7,10.8
2019-10-11 20:20:00,37.5,44.5,45.0,209.6,11.1
2019-10-11 20:30:00,47.0,57.5,48.0,200.3,11.9
2019-10-11 20:40:00,-39.5,13.5,4.5,218.9,14.8
2019-10-11 20:50:00,-7.0,-3.5,-6.0,225.2,12.1
2019-10-11 21:00:00,-9.0,-9.0,-14.0,203.2,15.4
2019-10-11 21:10:00,-3.0,-8.0,-13.5,219.8,12.2
2019-10-11 21:20:00,-25.5,-6.5,-13.5,206.2,17.0
2019-10-11 21:30:00,-5.0,-10.5,-18.0,221.8,11.6
2019-10-11 21:40:00,-4.5,-10.0,-16.5,213.5,17.5
2019-10-11 21:50:00,-6.0,-12.5,-20.0,221.3,11.3
2019-10-11 22:00:00,-5.0,-9.5,-15.5,215.0,16.3
2019-10-11 22:10:00,-7.5,-14.5,-22.0,215.9,9.8
2019-10-11 22:20:00,-3.0,-11.5,-19.0,210.6,11.6
2019-10-11 22:30:00,-8.0,-16.0,-23.5,206.7,10.4
2019-10-11 22:40:00,-4.5,-12.5,-20.5,212.0,10.6
2019-10-11 22:50:00,-5.5,-13.0,-20.5,223.3,12.2
2019-10-11 23:00:00,-8.5,-16.5,-23.5,216.9,9.2
2019-10-11 23:10:00,-7.0,-14.5,-21.5,194.9,15.7
2019-10-11 23:20:00,-7.5,-15.0,-22.5,217.9,10.2
2019-10-11 23:30:00,-6.0,-13.0,-19.5,194.4,16.3
2019-10-11 23:40:00,-8.5,-11.5,-19.0,195.9,11.9
2019-10-11 23:50:00,-6.5,-13.5,-20.0,199.3,15.8
2019-10-12 00:00:00,-6.5,-14.0,-20.0,197.4,14.9
2019-10-12 00:10:00,-8.0,-16.0,-22.0,194.0,12.1
2019-10-12 00:20:00,-7.0,-13.5,-20.0,192.0,14.7
2019-10-12 00:30:00,-8.0,-16.0,-22.5,191.5,12.4
2019-10-12 00:40:00,-8.5,-14.5,-21.0,190.1,12.4
2019-10-12 00:50:00,-6.5,-11.0,-18.0,194.0,14.1
2019-10-12 01:00:00,-8.5,-15.5,-21.5,192.5,12.7
2019-10-12 01:10:00,-8.5,-15.0,-22.0,192.0,10.4
2019-10-12 01:20:00,-5.0,-12.5,-19.0,189.1,15.8
2019-10-12 01:30:00,-8.5,-13.0,-20.0,196.4,11.6
2019-10-12 01:40:00,-7.5,-14.5,-20.0,192.0,13.7
2019-10-12 01:50:00,-7.5,-14.0,-20.0,196.4,14.9
2019-10-12 02:00:00,-8.0,-15.5,-21.0,189.1,13.2
2019-10-12 02:10:00,16.0,25.5,22.0,173.5,11.9
2019-10-12 02:20:00,39.0,46.0,46.5,177.4,15.0
2019-10-12 02:30:00,50.0,59.5,44.5,175.9,15.0
2019-10-12 02:40:00,16.5,10.5,2.0,205.2,10.9
2019-10-12 02:50:00,-39.5,-5.0,-8.0,188.1,12.1
2019-10-12 03:00:00,-27.5,-5.5,-10.5,188.1,13.8
2019-10-12 03:10:00,-10.0,-10.5,-16.5,189.1,11.5
2019-10-12 03:20:00,-5.5,-10.0,-16.5,183.2,13.8
2019-10-12 03:30:00,-5.5,-11.0,-18.0,199.8,10.6
2019-10-12 03:40:00,-3.0,-11.0,-18.5,208.1,10.6
2019-10-12 03:50:00,-7.0,-15.0,-22.5,191.0,9.1
2019-10-12 04:00:00,-4.5,-12.0,-19.5,189.1,13.7
2019-10-12 04:10:00,-8.5,-12.5,-20.5,178.3,10.5
2019-10-12 04:20:00,-7.0,-14.0,-21.0,175.9,14.3
2019-10-12 04:30:00,-8.5,-17.0,-24.0,184.2,8.7
2019-10-12 04:40:00,-5.0,-12.0,-18.0,178.8,17.7
2019-10-12 04:50:00,-7.5,-14.5,-22.5,198.4,10.8
2019-10-12 05:00:00,-3.5,-12.0,-19.0,180.3,13.2
2019-10-12 05:10:00,-7.5,-15.0,-22.5,187.6,11.3
2019-10-12 05:20:00,-6.5,-14.0,-21.0,204.2,11.0
2019-10-12 05:30:00,-6.0,-8.0,-15.5,183.2,12.0
2019-10-12 05:40:00,-6.5,-14.0,-20.5,186.1,14.1
2019-10-12 05:50:00,-7.5,-15.0,-21.5,191.0,13.8
2019-10-12 06:00:00,-8.0,-15.0,-22.5,198.4,11.4
2019-10-12 06:10:00,-6.5,-13.5,-20.5,181.3,12.0
2019-10-12 06:20:00,-7.0,-6.0,-14.0,175.9,13.6
2019-10-12 06:30:00,-7.0,-13.5,-20.5,190.5,13.8
2019-10-12 06:40:00,-9.5,-16.0,-22.5,191.0,10.0
2019-10-12 06:50:00,-5.5,-12.5,-18.5,193.0,13.7
2019-10-12 07:00:00,-9.5,-9.5,-17.5,177.8,14.1
2019-10-12 07:10:00,-7.0,-14.0,-20.0,187.6,15.5
2019-10-12 07:20:00,-9.5,-17.5,-24.5,201.8,11.5
2019-10-12 07:30:00,-7.5,-14.5,-22.0,202.3,11.0
2019-10-12 07:40:01,-7.5,-14.0,-21.0,185.2,10.0
2019-10-12 07:50:00,-6.0,-12.5,-19.5,188.6,14.6
2019-10-12 08:00:00,-7.5,-14.5,-21.0,193.0,14.1
2019-10-12 08:10:00,11.5,22.0,20.0,174.9,7.2
2019-10-12 08:20:00,36.5,43.5,44.5,182.7,10.6
2019-10-12 08:30:00,48.5,56.5,49.5,174.9,14.6
2019-10-12 08:40:00,-39.5,10.0,3.0,208.1,10.9
2019-10-12 08:50:00,-7.5,-5.5,-9.0,180.3,17.1
2019-10-12 09:00:00,-3.0,-9.0,-14.0,206.7,8.9
2019-10-12 09:10:00,-4.5,-11.0,-16.5,180.3,15.5
2019-10-12 09:20:00,-5.5,-12.5,-19.0,208.6,10.5
2019-10-12 09:30:00,-2.5,-11.5,-18.0,209.1,13.1
2019-10-12 09:40:00,-6.5,-14.0,-21.0,209.6,8.8
2019-10-12 09:50:00,-6.5,-12.5,-20.0,209.6,11.9
2019-10-12 10:00:00,-7.5,-15.5,-22.0,197.4,12.0
2019-10-12 10:10:00,-7.5,-15.0,-22.5,204.7,9.3
2019-10-12 10:20:00,-5.5,-11.5,-18.0,184.7,16.0
2019-10-12 10:30:00,-9.0,-16.0,-23.0,203.2,13.1
2019-10-12 10:40:00,-4.0,-12.0,-18.5,191.5,17.1
2019-10-12 10:50:00,-6.0,-13.0,-20.5,217.9,12.7
2019-10-12 11:00:00,-8.5,-15.5,-23.5,209.6,11.3
2019-10-12 11:10:00,-7.5,-13.5,-20.5,197.4,15.7
2019-10-12 11:20:00,-6.0,-12.5,-19.5,222.8,13.3
2019-10-12 11:30:00,-9.0,-15.5,-22.5,209.1,9.9
2019-10-12 11:40:00,-8.5,-15.5,-22.5,211.0,11.7
2019-10-12 11:50:00,-5.5,-12.5,-18.5,200.8,14.1
2019-10-12 12:00:00,-9.5,-14.5,-22.0,210.1,8.8
2019-10-12 12:10:00,-5.5,-13.0,-19.0,199.8,12.0
2019-10-12 12:20:00,-7.5,-15.0,-21.5,215.0,11.1
2019-10-12 12:30:00,-3.5,-9.5,-16.0,196.9,14.6
2019-10-12 12:40:00,-5.5,-12.5,-20.0,239.4,11.7
2019-10-12 13:00:00,-4.5,-12.5,-19.0,220.3,14.7
2019-10-12 13:10:00,-7.0,-14.0,-21.0,218.9,12.0
2019-10-12 13:20:00,-7.5,-13.5,-21.0,241.8,12.5
2019-10-12 13:30:00,-7.5,-15.0,-22.0,235.5,10.0
2019-10-12 13:40:00,-4.5,-11.5,-19.0,223.3,15.8
2019-10-12 13:50:00,-7.0,-13.0,-20.5,241.8,11.6
2019-10-12 14:00:00,-9.0,-15.5,-23.0,224.2,9.4
2019-10-12 14:10:00,16.0,24.0,21.5,221.3,13.5
2019-10-12 14:20:00,38.0,45.0,45.0,224.7,13.3
2019-10-12 14:30:00,48.5,57.5,50.0,214.5,12.8
2019-10-12 14:40:00,6.5,9.5,3.5,245.7,12.5
2019-10-12 14:50:00,-39.5,-5.0,-7.0,240.3,10.0
2019-10-12 15:00:00,-39.5,-8.0,-13.0,234.0,10.8
2019-10-12 15:10:00,-5.5,-10.5,-16.0,226.7,12.8
2019-10-12 15:20:00,-2.0,-9.5,-16.0,228.1,14.4
2019-10-12 15:30:00,-3.5,-11.0,-18.0,240.3,10.9
2019-10-12 15:40:00,-5.5,-12.5,-19.0,226.7,14.6
2019-10-12 15:50:00,-4.5,-11.0,-18.0,227.6,13.9
2019-10-12 16:00:00,-4.5,-11.5,-18.0,226.7,15.2
2019-10-12 16:10:00,-6.0,-13.5,-20.5,221.3,12.6
2019-10-12 16:20:00,-6.0,-6.0,-15.0,219.3,9.6
2019-10-12 16:30:00,-6.5,-13.5,-20.5,219.3,12.5
2019-10-12 16:40:00,-7.5,-15.0,-22.0,215.0,10.5
2019-10-12 16:50:00,-2.5,-10.5,-17.5,235.5,15.2
2019-10-12 17:00:00,-7.0,-15.0,-22.0,230.6,9.7
2019-10-12 17:10:00,-3.5,-11.0,-18.5,217.9,14.9
2019-10-12 17:20:00,-4.0,-11.0,-18.5,249.1,13.2
2019-10-12 17:30:00,-7.5,-15.0,-22.5,237.4,10.2
2019-10-12 17:40:00,-5.5,-12.0,-18.5,225.2,15.3
2019-10-12 17:50:00,-6.0,-12.0,-19.0,227.2,14.2
2019-10-12 18:00:00,-6.5,-13.0,-19.5,219.8,13.8
2019-10-12 18:10:00,-6.5,-13.5,-20.0,221.3,13.9
2019-10-12 18:20:00,-7.0,-13.0,-19.5,223.7,14.2
2019-10-12 18:30:00,-7.0,-13.5,-20.5,223.3,13.7
2019-10-12 18:40:00,-7.0,-14.0,-20.5,223.3,13.8
2019-10-12 18:50:01,-5.0,-12.0,-19.0,231.1,15.7
2019-10-12 19:00:00,-6.0,-13.0,-19.5,229.1,13.5
2019-10-12 19:10:00,-7.5,-14.0,-20.5,225.7,13.8
2019-10-12 19:20:00,-7.0,-13.5,-20.5,240.8,10.2
2019-10-12 19:30:00,-5.5,-9.5,-16.0,198.8,15.7
2019-10-12 19:40:00,-7.0,-14.0,-21.0,221.3,12.8
2019-10-12 19:50:00,-7.0,-6.5,-15.5,204.2,11.3
2019-10-12 20:00:00,-7.0,-14.5,-21.5,219.8,12.8
2019-10-12 20:10:00,14.0,22.5,20.0,194.0,11.9
2019-10-12 20:20:00,37.5,44.5,44.0,214.5,11.5
2019-10-12 20:30:00,49.0,57.5,49.5,194.0,10.4
2019-10-12 20:40:00,11.0,11.0,2.0,220.3,13.8
2019-10-12 20:50:00,-39.5,-5.5,-8.0,208.1,13.0
2019-10-12 21:00:00,-9.5,-9.0,-13.5,214.0,11.6
2019-10-12 21:10:00,-6.5,-8.5,-15.0,195.4,16.3
2019-10-12 21:20:00,-5.0,-12.0,-18.5,195.9,10.9
2019-10-12 21:30:00,-6.0,-13.0,-20.0,193.0,12.8
2019-10-12 21:40:00,-6.5,-13.5,-21.0,193.5,17.0
2019-10-12 21:50:01,-6.5,-14.0,-21.0,215.0,12.4
2019-10-12 22:00:00,-3.0,-8.0,-15.5,197.4,15.4
2019-10-12 22:10:00,-6.5,-14.0,-21.0,194.4,13.7
2019-10-12 22:20:00,-7.5,-15.0,-21.0,190.5,15.9
2019-10-12 22:30:00,-6.0,-13.0,-20.5,208.6,9.6
2019-10-12 22:40:00,-6.0,-8.0,-15.5,189.6,12.2
2019-10-12 22:50:00,-7.5,-13.5,-21.5,213.5,13.7
2019-10-12 23:00:00,-7.5,-15.0,-22.0,215.9,9.6
2019-10-12 23:10:00,-5.0,-12.0,-19.5,213.5,12.1
2019-10-12 23:20:00,-7.0,-14.0,-21.0,218.4,12.8
2019-10-12 23:30:00,-6.5,-12.5,-19.0,224.2,14.3
2019-10-12 23:40:00,-7.0,-9.5,-18.0,194.0,13.3
2019-10-12 23:50:00,-7.5,-14.0,-22.0,205.7,11.0
2019-10-13 00:00:00,-5.0,-12.5,-19.5,188.6,12.8
2019-10-13 00:10:00,-7.5,-15.0,-21.5,190.5,11.6
2019-10-13 00:20:00,-5.5,-11.5,-18.0,178.8,16.6
2019-10-13 00:30:00,-8.0,-14.0,-21.0,181.8,10.5
2019-10-13 00:40:00,-6.0,-13.5,-20.0,185.2,13.3
2019-10-13 00:50:01,-7.5,-10.0,-18.0,190.5,11.3
2019-10-13 01:00:00,-7.5,-13.0,-19.0,173.5,15.4
2019-10-13 01:10:00,-7.5,-15.0,-21.5,188.1,11.4
2019-10-13 01:20:00,-6.5,-12.0,-18.5,189.6,14.6
2019-10-13 01:30:00,-7.0,-14.5,-20.0,191.0,12.7
2019-10-13 01:40:00,-7.0,-9.5,-16.0,186.6,12.5
2019-10-13 01:50:00,-6.5,-7.0,-14.0,178.3,15.5
2019-10-13 02:00:00,-7.5,-15.5,-21.5,185.2,11.7
2019-10-13 02:10:00,12.5,23.0,20.5,180.8,12.5
2019-10-13 02:20:00,38.0,45.0,45.5,172.5,13.6
2019-10-13 02:30:00,50.0,58.5,47.0,174.4,13.2
2019-10-13 02:40:00,-39.5,9.5,2.5,189.6,15.0
2019-10-13 02:50:00,-39.5,-6.0,-8.5,185.7,9.2
2019-10-13 03:00:00,-6.5,-7.0,-11.5,187.1,14.6
2019-10-13 03:10:00,-7.0,-12.5,-18.5,184.7,9.2
2019-10-13 03:20:00,-4.5,-12.0,-18.0,171.5,14.7
2019-10-13 03:30:00,-5.5,-13.5,-20.5,190.5,11.7
2019-10-13 03:40:00,-7.5,-13.0,-20.0,169.5,15.4
2019-10-13 03:50:01,-5.0,-13.0,-20.0,188.1,13.5
2019-10-13 04:00:00,-8.5,-14.5,-22.5,167.6,16.6
2019-10-13 04:10:00,-4.5,-13.5,-20.5,180.3,11.5
2019-10-13 04:20:00,-5.5,-8.0,-15.0,165.2,12.7
2019-10-13 04:30:00,-4.5,-13.0,-20.0,173.5,15.2
2019-10-13 04:40:00,-8.0,-16.0,-23.5,174.9,9.7
2019-10-13 04:50:00,-5.5,-13.5,-21.0,194.9,9.6
2019-10-13 05:00:00,-6.0,-6.5,-15.0,169.1,15.7
2019-10-13 05:10:00,-7.5,-16.0,-22.5,179.8,9.4
2019-10-13 05:20:00,-5.0,-13.0,-20.5,194.9,11.0
2019-10-13 05:30:00,-6.0,-7.0,-16.0,182.7,14.8
2019-10-13 05:40:00,-6.5,-14.5,-21.0,184.2,14.3
2019-10-13 05:50:00,-6.5,-8.0,-15.5,178.8,11.0
2019-10-13 06:00:00,-9.0,-15.0,-22.0,179.8,9.8
2019-10-13 06:10:00,-8.0,-16.0,-23.0,195.4,11.7
2019-10-13 06:20:00,-5.5,-12.5,-18.5,193.5,14.7
2019-10-13 06:30:00,-8.5,-13.0,-20.0,183.2,13.3
2019-10-13 06:40:00,-7.0,-13.0,-20.0,206.7,15.0
2019-10-13 06:50:00,-7.0,-14.0,-21.0,223.7,9.1
2019-10-13 07:00:00,-5.5,-9.5,-16.5,201.8,11.6
2019-10-13 07:10:00,-6.5,-12.5,-19.5,228.1,11.9
2019-10-13 07:20:00,-8.0,-15.0,-22.0,219.8,12.1
2019-10-13 07:30:00,-6.0,-12.5,-19.0,214.0,15.5
2019-10-13 07:40:00,-5.0,-12.5,-19.0,218.9,14.8
2019-10-13 07:50:00,-7.5,-14.5,-20.5,211.5,12.7
2019-10-13 08:00:00,-7.0,-13.5,-20.0,218.4,14.2
2019-10-13 08:10:00,11.5,22.0,20.0,188.6,16.0
2019-10-13 08:20:00,36.0,43.0,43.5,203.2,12.5
2019-10-13 08:30:00,48.5,55.5,52.0,206.2,10.3
2019-10-13 08:40:00,14.5,11.5,3.0,205.7,13.7
2019-10-13 08:50:00,-28.0,-5.0,-6.5,195.9,15.5
2019-10-13 09:00:00,-14.5,-7.5,-11.5,195.4,11.6
2019-10-13 09:10:00,-9.5,-8.5,-12.5,185.7,17.2
2019-10-13 09:20:00,-4.5,-10.5,-16.5,185.7,15.0
2019-10-13 09:30:00,-5.5,-11.0,-17.5,203.7,13.5
2019-10-13 09:40:00,-6.5,-13.5,-20.0,187.1,14.2
2019-10-13 09:50:00,-6.5,-13.5,-21.0,194.0,10.6
2019-10-13 10:00:00,-7.0,-9.0,-16.5,177.4,11.5
2019-10-13 10:10:00,-7.0,-14.5,-21.0,169.1,12.5
2019-10-13 10:20:00,-5.5,-6.5,-13.5,160.8,17.7
2019-10-13 10:30:00,-5.5,-13.0,-19.0,178.3,16.0
2019-10-13 10:40:00,-8.5,-16.5,-23.0,170.0,10.3
2019-10-13 10:50:00,-4.5,-12.5,-20.0,191.0,12.8
2019-10-13 11:00:00,-8.5,-11.5,-18.0,180.3,18.0
2019-10-13 11:10:00,-7.5,-15.5,-22.0,175.9,13.2
2019-10-13 11:20:00,-6.5,-13.5,-20.0,190.5,13.3
2019-10-13 11:30:00,-9.0,-16.0,-22.0,191.0,10.6
2019-10-13 11:40:00,-7.0,-14.0,-20.0,180.3,12.2
2019-10-13 11:50:00,-7.5,-6.0,-14.5,167.1,10.6
2019-10-13 12:00:00,-8.0,-15.5,-22.5,189.6,10.4
2019-10-13 12:10:00,-7.0,-14.0,-21.0,168.1,12.2
2019-10-13 12:20:00,-8.0,-14.5,-19.5,168.6,14.8
2019-10-13 12:30:00,-7.0,-13.5,-19.5,171.0,16.0
2019-10-13 12:40:00,-9.5,-17.5,-23.5,172.0,11.7
2019-10-13 12:50:00,-8.0,-15.5,-22.0,172.0,13.0
2019-10-13 13:00:00,-4.5,-13.0,-19.5,178.8,11.1
2019-10-13 13:10:00,-7.5,-10.0,-16.5,164.2,14.3
2019-10-13 13:20:00,-7.0,-13.5,-19.5,189.6,15.0
2019-10-13 13:30:00,-9.5,-17.5,-24.0,178.8,8.8
2019-10-13 13:40:00,-5.5,-14.0,-20.0,177.8,12.2
2019-10-13 13:50:00,-7.5,-8.0,-15.0,162.7,14.6
2019-10-13 14:00:00,-7.5,-15.0,-21.0,180.3,11.5
2019-10-13 14:10:00,10.0,21.5,20.0,167.6,11.1
2019-10-13 14:20:00,35.5,43.0,43.5,166.6,12.4
2019-10-13 14:30:00,48.5,56.0,51.0,164.2,12.7
2019-10-13 14:40:00,16.0,9.0,1.5,179.8,11.0
2019-10-13 14:50:00,-39.5,-6.0,-8.0,176.4,14.4
2019-10-13 15:00:00,-8.0,-9.0,-13.0,186.6,11.4
2019-10-13 15:10:00,-2.5,-9.5,-14.0,187.6,13.7
2019-10-13 15:20:00,-5.5,-11.0,-17.5,195.9,13.3
2019-10-13 15:30:00,-3.5,-10.0,-16.5,216.9,12.0
2019-10-13 15:40:00,-6.5,-13.5,-20.5,193.5,10.9
2019-10-13 15:50:00,-4.5,-10.5,-17.5,184.7,12.4
2019-10-13 16:00:00,-6.5,-14.0,-20.5,185.2,11.7
2019-10-13 16:10:00,-6.5,-5.5,-13.5,177.4,14.1
2019-10-13 16:20:00,-5.5,-13.5,-19.5,169.5,15.4
2019-10-13 16:30:00,-6.0,-14.5,-21.5,189.1,12.4
2019-10-13 16:40:00,-8.0,-14.0,-19.5,174.9,16.5
2019-10-13 16:50:00,-2.0,-12.0,-18.0,195.4,15.9
2019-10-13 17:00:00,-6.0,-13.5,-19.5,195.9,12.6
2019-10-13 17:10:00,-8.0,-15.5,-21.5,186.1,10.2
2019-10-13 17:20:00,-3.0,-12.5,-19.0,196.4,15.5
2019-10-13 17:30:00,-7.0,-14.5,-21.5,210.6,9.9
2019-10-13 17:40:00,-5.5,-11.5,-18.0,189.1,13.3
2019-10-13 17:50:00,-7.5,-14.5,-20.5,195.9,13.1
2019-10-13 18:00:00,-8.5,-15.5,-20.5,192.5,12.1
2019-10-13 18:10:00,-7.5,-14.0,-20.0,172.0,13.8
2019-10-13 18:20:00,-7.0,-14.0,-19.5,171.5,15.7
2019-10-13 18:30:00,-7.5,-14.5,-19.5,173.9,14.8
2019-10-13 18:40:00,-8.5,-9.0,-16.0,155.9,10.0
2019-10-13 18:50:00,-8.5,-14.5,-21.0,168.1,13.0
2019-10-13 19:00:00,-6.0,-9.5,-14.5,146.6,21.1
2019-10-13 19:10:00,-6.5,-14.5,-20.5,167.1,12.7
2019-10-13 19:20:00,-8.0,-7.0,-14.5,159.3,11.7
2019-10-13 19:30:00,-7.0,-14.0,-20.0,167.6,13.6
2019-10-13 19:40:00,-10.5,-17.0,-23.0,156.9,11.1
2019-10-13 19:50:00,-5.5,-14.0,-19.0,160.3,13.9
2019-10-13 20:00:00,-10.0,-17.5,-23.5,153.4,9.7
2019-10-13 20:10:00,15.0,24.5,21.5,160.8,10.9
2019-10-13 20:20:00,38.5,45.5,46.0,173.5,12.4
2019-10-13 20:30:00,50.0,58.5,47.5,173.0,9.7
2019-10-13 20:40:00,16.5,9.5,2.0,188.1,9.4
2019-10-13 20:50:00,-31.5,-6.0,-9.0,159.8,10.9
2019-10-13 21:00:00,-16.0,-7.0,-10.5,157.3,15.2
2019-10-13 21:10:00,-5.5,-11.0,-17.0,169.5,11.6
2019-10-13 21:20:00,-5.5,-12.0,-18.0,167.1,12.0
2019-10-13 21:30:00,-7.5,-15.0,-21.5,162.2,10.6
2019-10-13 21:40:00,-6.0,-12.5,-20.0,162.7,8.6
2019-10-13 21:50:00,-5.0,-12.0,-18.5,166.1,14.9
2019-10-13 22:00:00,-6.5,-13.5,-20.0,175.9,11.3
2019-10-13 22:10:00,-3.0,-10.0,-16.0,155.9,19.0
2019-10-13 22:20:00,-7.0,-15.0,-22.0,174.9,13.3
2019-10-13 22:30:00,-6.5,-8.5,-16.0,147.1,14.4
2019-10-13 22:40:00,-6.5,-14.5,-20.5,162.2,13.2
2019-10-13 22:50:00,-7.5,-15.0,-22.0,185.7,11.5
2019-10-13 23:00:00,-5.0,-12.0,-19.0,161.2,13.7
2019-10-13 23:10:00,-6.5,-14.0,-20.0,163.7,14.9
2019-10-13 23:20:00,-7.0,-13.5,-20.0,184.7,14.1
2019-10-13 23:30:00,-9.0,-16.5,-22.5,174.4,10.9
2019-10-13 23:40:00,-7.5,-16.0,-22.0,178.8,12.0
2019-10-13 23:50:00,-5.0,-12.5,-19.0,167.1,12.0
2019-10-14 00:00:00,-7.0,-9.5,-16.5,156.4,12.4
2019-10-14 00:10:00,-7.0,-14.5,-20.5,161.2,14.4
2019-10-14 00:20:00,-8.5,-10.5,-17.0,159.8,15.0
2019-10-14 00:30:00,-9.0,-17.0,-22.5,151.0,11.0
2019-10-14 00:40:00,-6.5,-12.5,-18.5,183.2,17.0
2019-10-14 00:50:00,-9.5,-17.0,-23.0,155.9,12.5
2019-10-14 01:00:00,-6.0,-12.0,-17.5,188.1,16.9
2019-10-14 01:10:00,-9.5,-17.0,-23.0,156.9,8.8
2019-10-14 01:20:00,-2.5,-13.0,-19.5,190.1,13.0
2019-10-14 01:30:00,-7.0,-6.5,-14.5,137.3,15.3
2019-10-14 01:40:00,-7.0,-15.5,-22.0,171.5,12.5
2019-10-14 01:50:00,-5.0,-12.0,-18.5,172.5,15.9
2019-10-14 02:00:00,-8.5,-15.5,-22.0,172.0,12.6
2019-10-14 02:10:00,13.0,23.5,21.5,144.2,21.3
2019-10-14 02:20:00,37.5,45.5,46.0,165.2,8.7
2019-10-14 02:30:00,49.5,59.0,47.0,163.7,16.3
2019-10-14 02:40:00,-1.0,6.5,1.0,179.3,8.7
2019-10-14 02:50:00,-39.5,-4.0,-6.0,141.7,18.0
2019-10-14 03:00:00,-7.5,-10.0,-14.5,167.1,11.3
2019-10-14 03:10:00,-8.5,-7.5,-13.5,178.3,15.8
2019-10-14 03:20:00,-6.0,-11.0,-17.5,161.7,12.4
2019-10-14 03:30:00,-7.0,-12.0,-17.5,145.1,13.1
2019-10-14 03:40:00,-6.5,-12.5,-20.0,168.6,11.7
2019-10-14 03:50:00,-7.5,-10.5,-18.0,170.5,8.7
2019-10-14 04:00:00,-6.5,-13.0,-19.5,152.5,14.9
2019-10-14 04:10:00,-8.0,-14.5,-21.0,147.6,13.1
2019-10-14 04:20:00,-7.5,-11.5,-19.0,163.2,13.8
2019-10-14 04:30:00,-8.5,-14.0,-20.5,161.2,13.7
2019-10-14 04:40:00,-8.0,-5.0,-14.0,136.8,18.3
2019-10-14 04:50:00,-7.5,-14.0,-21.5,164.2,11.0
2019-10-14 05:00:00,-6.5,-11.5,-18.5,171.5,15.3
2019-10-14 05:10:00,-10.5,-16.0,-22.5,153.4,11.7
2019-10-14 05:20:00,-8.0,-12.5,-19.0,189.1,12.0
2019-10-14 05:30:00,-7.5,-7.0,-14.5,142.2,13.8
2019-10-14 05:40:00,-9.5,-15.5,-22.5,166.6,8.9
2019-10-14 05:50:00,-7.5,-12.0,-18.5,187.6,14.9
2019-10-14 06:00:00,-10.5,-16.0,-22.5,161.2,10.4
2019-10-14 06:10:00,-8.0,-14.0,-19.5,161.2,17.5
2019-10-14 06:20:00,-11.0,-16.5,-22.0,156.4,9.9
2019-10-14 06:30:00,-8.5,-12.5,-18.5,178.8,18.7
2019-10-14 06:40:00,-11.0,-15.0,-22.0,147.6,9.7
2019-10-14 06:50:00,-8.0,-12.5,-18.5,180.8,15.7
2019-10-14 07:00:00,-11.5,-17.0,-23.0,160.3,10.2
2019-10-14 07:10:00,-9.5,-13.5,-19.0,147.1,15.3
2019-10-14 07:20:00,-10.0,-8.0,-15.0,160.8,13.9
2019-10-14 07:30:00,-9.5,-14.0,-19.5,165.2,14.7
2019-10-14 07:40:00,-11.0,-15.5,-20.5,161.7,13.0
2019-10-14 07:50:00,-12.0,-17.0,-23.0,153.4,11.0
2019-10-14 08:00:00,-11.0,-15.0,-21.0,158.3,13.6
2019-10-14 08:10:00,8.5,23.0,21.5,152.9,13.6
2019-10-14 08:20:00,33.5,44.0,45.0,170.5,10.3
2019-10-14 08:30:00,45.5,57.5,51.5,147.6,11.7
2019-10-14 08:40:00,14.0,8.0,2.5,180.3,13.8
2019-10-14 08:50:00,-31.5,-8.0,-9.0,159.3,12.5
2019-10-14 09:00:00,-20.0,-6.0,-8.0,168.1,9.3
2019-10-14 09:10:00,-7.0,-9.5,-14.5,159.3,14.3
2019-10-14 09:20:00,-6.5,-11.5,-17.0,154.4,14.6
2019-10-14 09:30:00,-6.5,-11.0,-17.0,182.7,13.9
2019-10-14 09:40:00,-10.0,-14.5,-21.0,172.0,12.8
2019-10-14 09:50:00,-9.0,-12.0,-18.5,162.7,17.0
2019-10-14 10:00:00,-11.0,-13.0,-19.5,167.6,11.6
2019-10-14 10:10:00,-8.5,-14.0,-20.5,155.9,12.8
2019-10-14 10:20:00,-7.5,-8.5,-14.5,154.9,14.1
2019-10-14 10:30:00,-10.5,-14.5,-21.0,155.9,10.3
2019-10-14 10:40:00,-9.5,-15.0,-20.5,160.3,13.6
2019-10-14 10:50:00,-8.5,-13.5,-20.5,182.7,10.2
2019-10-14 11:00:00,-7.5,-11.0,-17.5,168.1,16.5
2019-10-14 11:10:00,-9.5,-8.5,-15.0,174.4,12.1
2019-10-14 11:20:00,-8.5,-12.0,-18.0,196.9,15.8
2019-10-14 11:30:00,-12.5,-15.0,-22.5,185.7,11.9
2019-10-14 11:40:00,-8.5,-13.0,-19.0,186.1,12.2
2019-10-14 11:50:00,-8.5,-5.5,-13.0,169.1,13.5
2019-10-14 12:00:00,-10.0,-15.0,-21.5,188.1,11.0
2019-10-14 12:10:00,-8.0,-14.0,-20.5,168.6,13.1
2019-10-14 12:20:00,-8.5,-6.0,-13.5,168.6,14.3
2019-10-14 12:30:00,-9.5,-13.5,-19.5,171.0,15.2
2019-10-14 12:40:00,-10.0,-14.5,-20.0,166.6,14.9
2019-10-14 12:50:00,-8.5,-9.0,-15.0,188.6,13.2
2019-10-14 13:00:00,-11.0,-9.0,-17.0,183.2,12.8
2019-10-14 13:10:00,-10.5,-16.0,-22.0,191.5,11.9
2019-10-14 13:20:00,-8.5,-13.0,-19.0,198.8,12.8
2019-10-14 13:30:00,-8.5,-6.5,-14.0,193.5,11.9
2019-10-14 13:40:00,-10.0,-6.5,-14.5,187.1,13.3
2019-10-14 13:50:00,-9.0,-13.5,-20.0,203.7,13.6
2019-10-14 14:00:00,-8.5,-5.5,-13.5,202.7,13.9
2019-10-14 14:10:00,14.0,25.0,22.5,203.7,11.0
2019-10-14 14:20:00,36.0,45.5,46.0,189.6,15.0
2019-10-14 14:30:00,48.0,59.5,51.0,194.0,10.4
2019-10-14 14:40:00,10.0,13.0,2.5,205.7,12.8
2019-10-14 14:50:00,-39.5,-3.5,-6.0,204.7,14.7
2019-10-14 15:00:00,-39.5,-6.0,-11.5,225.7,12.7
2019-10-14 15:10:00,-6.0,-9.0,-15.0,209.6,11.7
2019-10-14 15:20:00,-6.0,-8.5,-15.5,229.6,12.5
2019-10-14 15:30:00,-8.5,-13.0,-20.0,215.4,8.9
2019-10-14 15:40:00,-7.5,-11.0,-18.0,204.2,14.7
2019-10-14 15:50:00,-7.0,-11.0,-18.5,213.5,12.8
2019-10-14 16:00:00,-9.5,-13.5,-20.5,189.1,17.9
2019-10-14 16:10:00,-8.5,-12.0,-20.0,197.4,10.5
2019-10-14 16:20:00,-8.5,-5.5,-14.5,201.8,9.9
2019-10-14 16:30:00,-6.5,-12.5,-20.0,201.3,12.8
2019-10-14 16:40:00,-10.5,-13.0,-21.0,195.4,16.5
2019-10-14 16:50:00,-6.5,-10.0,-17.0,213.0,18.1
2019-10-14 17:00:00,-9.5,-14.5,-22.0,209.6,11.9
2019-10-14 17:10:00,-8.5,-12.0,-19.5,198.4,14.3
2019-10-14 17:20:00,-7.0,-12.0,-18.5,205.2,15.7
2019-10-14 17:30:00,-9.5,-13.5,-21.0,215.4,11.3
2019-10-14 17:40:00,-7.5,-11.5,-18.5,199.3,13.1
2019-10-14 17:50:00,-7.5,-12.5,-18.5,204.7,14.6
2019-10-14 18:00:00,-11.0,-15.5,-22.0,194.0,10.2
2019-10-14 18:10:00,-10.0,-13.0,-20.0,198.8,13.1
2019-10-14 18:20:00,-11.5,-16.5,-23.0,199.3,9.9
2019-10-14 18:30:00,-9.5,-14.0,-20.5,198.4,13.2
2019-10-14 18:40:00,-9.0,-12.5,-19.5,187.1,11.7
2019-10-14 18:50:00,-8.5,-8.0,-15.0,191.5,13.7
2019-10-14 19:00:00,-8.5,-13.0,-19.5,200.3,13.8
2019-10-14 19:10:00,-11.5,-14.5,-21.0,189.1,8.8
2019-10-14 19:20:00,-8.0,-11.5,-17.5,203.2,17.4
2019-10-14 19:30:00,-11.0,-16.0,-23.0,204.2,11.4
2019-10-14 19:40:00,-9.5,-14.0,-20.5,195.4,13.2
2019-10-14 19:50:00,-8.5,-11.5,-18.5,187.6,11.1
2019-10-14 20:00:00,-10.0,-8.0,-16.0,193.5,10.8
2019-10-14 20:10:00,16.0,27.0,24.0,186.1,11.5
2019-10-14 20:20:00,37.5,48.0,47.5,191.0,12.1
2019-10-14 20:30:00,49.0,62.0,47.0,197.4,12.8
2019-10-14 20:40:00,15.5,13.5,2.0,197.9,16.3
2019-10-14 20:50:00,-39.5,-3.5,-6.5,209.1,11.9
2019-10-14 21:00:00,-8.0,-7.0,-12.5,190.5,12.8
2019-10-14 21:10:00,-15.5,-9.0,-15.5,182.2,11.4
2019-10-14 21:20:00,-9.5,-13.0,-19.5,161.7,12.7
2019-10-14 21:30:00,-7.0,-9.0,-15.0,192.0,16.4
2019-10-14 21:40:00,-9.5,-14.5,-21.5,185.2,10.9
2019-10-14 21:50:00,-5.0,-10.5,-18.0,191.0,14.1
2019-10-14 22:00:00,-10.0,-14.5,-22.0,174.9,11.9
2019-10-14 22:10:00,-8.0,-12.0,-19.0,168.6,14.8
2019-10-14 22:20:00,-9.0,-13.5,-20.5,168.6,13.2
2019-10-14 22:30:00,-8.0,-9.0,-16.5,166.1,11.1
2019-10-14 22:40:00,-9.0,-6.5,-15.5,157.3,14.9
2019-10-14 22:50:00,-9.0,-13.0,-20.5,188.6,12.5
2019-10-14 23:00:00,-9.5,-5.5,-15.0,167.6,14.6
2019-10-14 23:10:00,-8.5,-13.5,-20.0,172.0,14.6
2019-10-14 23:20:00,-9.0,-13.5,-20.0,184.7,13.7
2019-10-14 23:30:00,-11.0,-8.5,-17.5,174.4,12.4
2019-10-14 23:40:00,-10.5,-16.0,-22.5,183.2,10.9
2019-10-14 23:50:00,-8.5,-13.0,-19.5,169.1,15.4
2019-10-15 00:00:00,-11.5,-12.5,-20.0,173.9,11.7
2019-10-15 00:10:00,-11.0,-14.0,-19.0,161.2,13.5
2019-10-15 00:20:00,-9.5,-13.5,-20.0,162.2,14.8
2019-10-15 00:30:00,-9.5,-7.0,-14.5,161.7,12.4
2019-10-15 00:40:00,-10.5,-15.5,-21.0,157.3,13.6
2019-10-15 00:50:00,-9.5,-13.0,-19.0,161.7,14.6
2019-10-15 01:00:00,-10.5,-6.5,-14.5,146.6,10.8
2019-10-15 01:10:00,-11.0,-14.5,-19.5,154.9,15.7
2019-10-15 01:20:00,-10.5,-14.0,-21.0,180.8,9.6
2019-10-15 01:30:00,-8.5,-12.0,-18.5,149.5,15.2
2019-10-15 01:40:00,-11.5,-16.5,-22.0,156.9,11.1
2019-10-15 01:50:00,-13.0,-17.0,-23.5,144.6,10.6
2019-10-15 02:00:00,-8.5,-13.5,-20.5,171.5,13.1
2019-10-15 02:10:00,9.0,22.5,21.0,161.7,9.1
2019-10-15 02:20:00,34.5,45.0,46.0,153.4,14.1
2019-10-15 02:30:00,47.5,60.0,51.0,152.5,12.1
2019-10-15 02:40:00,13.5,12.0,4.5,194.0,12.5
2019-10-15 02:50:00,-22.5,-6.0,-9.5,147.6,11.1
2019-10-15 03:00:00,-21.5,-6.0,-11.0,169.5,13.8
2019-10-15 03:10:00,-10.0,-13.0,-19.0,141.7,10.2
2019-10-15 03:20:00,-7.5,-8.5,-15.5,180.3,17.1
2019-10-15 03:30:00,-10.0,-14.5,-22.0,158.3,8.5
2019-10-15 03:40:00,-6.5,-9.5,-16.0,188.1,16.9
2019-10-15 03:50:00,-11.0,-9.5,-18.5,142.2,10.0
2019-10-15 04:00:00,-9.0,-11.5,-19.0,164.7,14.1
2019-10-15 04:10:00,-8.5,-7.0,-15.0,149.0,14.4
2019-10-15 04:20:00,-8.0,-8.0,-15.0,188.1,15.0
2019-10-15 04:30:00,-10.5,-13.5,-20.5,155.4,13.1
2019-10-15 04:40:00,-8.0,-11.5,-19.0,184.7,14.4
2019-10-15 04:50:00,-10.5,-14.0,-21.5,170.0,14.1
2019-10-15 05:00:00,-7.0,-12.5,-19.0,154.9,12.7
2019-10-15 05:10:00,-10.5,-9.5,-17.0,153.9,18.6
2019-10-15 05:20:00,-10.0,-13.5,-19.0,167.6,11.6
2019-10-15 05:30:00,-12.0,-15.0,-22.0,156.9,15.2
2019-10-15 05:40:00,-6.5,-9.5,-15.0,158.3,18.1
2019-10-15 05:50:00,-12.5,-17.0,-23.5,147.1,9.1
2019-10-15 06:00:00,-6.5,-11.5,-18.0,175.9,15.5
2019-10-15 06:10:00,-12.0,-9.0,-17.0,147.1,8.9
2019-10-15 06:20:00,-9.5,-12.0,-18.5,172.0,15.3
2019-10-15 06:30:00,-11.5,-6.0,-14.0,142.7,12.8
2019-10-15 06:40:00,-8.5,-12.0,-18.5,177.4,16.0
2019-10-15 06:50:00,-13.0,-13.0,-20.0,152.5,11.3
2019-10-15 07:00:00,-8.5,-12.0,-19.0,177.8,15.0
2019-10-15 07:10:00,-11.5,-6.0,-14.5,140.7,14.8
2019-10-15 07:20:00,-10.0,-13.5,-20.5,170.5,8.9
2019-10-15 07:30:00,-7.5,-11.5,-17.5,177.8,13.3
2019-10-15 07:40:00,-12.0,-8.5,-16.5,147.1,10.9
2019-10-15 07:50:00,-10.0,-12.5,-19.0,176.4,14.4
2019-10-15 08:00:00,-11.5,-6.5,-14.5,145.1,17.0
2019-10-15 08:10:00,14.0,27.0,25.0,186.6,14.3
2019-10-15 08:20:00,36.0,47.0,47.0,144.2,8.1
2019-10-15 08:30:00,48.0,62.5,49.5,166.6,14.2
2019-10-15 08:40:00,16.5,14.5,0.5,154.9,12.0
2019-10-15 08:50:00,-39.5,-4.5,-8.0,156.9,14.3
2019-10-15 09:00:00,-18.0,-8.0,-13.0,160.8,12.7
2019-10-15 09:10:00,-17.5,-8.5,-15.0,158.8,9.6
2019-10-15 09:20:00,-10.0,-12.5,-19.0,150.5,12.8
2019-10-15 09:30:00,-9.5,-12.5,-20.5,185.2,8.9
2019-10-15 09:40:00,-2.0,-8.5,-15.0,158.3,16.8
2019-10-15 09:50:00,-7.0,-14.0,-21.0,172.5,13.5
2019-10-15 10:00:00,-5.5,-13.0,-20.5,171.0,15.5
2019-10-15 10:10:00,-9.0,-16.5,-24.0,158.8,8.3
2019-10-15 10:20:00,-5.0,-13.0,-19.0,156.4,15.8
2019-10-15 10:30:00,-6.5,-14.0,-20.0,172.0,17.2
2019-10-15 10:40:00,-6.0,-13.5,-21.0,190.5,11.7
2019-10-15 10:50:00,-7.0,-13.5,-21.5,211.5,10.5
2019-10-15 11:00:00,-6.5,-13.5,-21.5,221.3,12.4
2019-10-15 11:10:00,-7.5,-14.5,-21.5,213.5,12.2
2019-10-15 11:20:00,-2.5,-11.5,-19.0,229.1,14.3
2019-10-15 11:30:00,-7.5,-16.0,-22.5,202.7,11.4
2019-10-15 11:40:00,-1.0,-11.5,-18.5,211.5,12.7
2019-10-15 11:50:00,-7.0,-13.5,-21.0,226.2,10.5
2019-10-15 12:00:00,-6.5,-13.5,-21.0,225.7,10.2
2019-10-15 12:10:00,-4.5,-10.5,-18.0,209.1,13.3
2019-10-15 12:20:00,-5.0,-12.0,-19.0,214.5,14.7
2019-10-15 12:30:00,-6.5,-14.5,-21.5,206.2,12.4
2019-10-15 12:40:00,-7.0,-14.5,-21.0,209.6,12.1
2019-10-15 12:50:00,-5.5,-13.5,-20.0,212.5,14.7
2019-10-15 13:00:00,-6.0,-13.0,-19.5,214.0,14.2
2019-10-15 13:10:00,-7.5,-15.0,-21.0,210.1,12.1
2019-10-15 13:20:00,-6.0,-11.5,-18.0,230.6,14.4
2019-10-15 13:30:00,-9.0,-17.0,-23.5,225.7,8.7
2019-10-15 13:40:00,-8.5,-14.5,-22.0,212.0,12.1
2019-10-15 13:50:00,-6.0,-11.5,-19.5,192.5,14.4
2019-10-15 14:00:00,-7.0,-13.5,-21.0,209.1,11.7
2019-10-15 14:10:00,17.0,24.0,21.0,189.1,11.1
2019-10-15 14:20:00,39.5,46.0,44.5,191.5,14.3
2019-10-15 14:30:00,51.5,58.5,54.5,192.0,13.0
2019-10-15 14:40:00,8.0,9.0,4.0,237.9,14.2
2019-10-15 14:50:00,-39.5,-4.0,-6.5,213.0,13.0
2019-10-15 15:00:00,-39.5,-6.0,-10.5,224.2,16.0
2019-10-15 15:10:00,-2.0,-9.5,-15.0,218.4,13.7
2019-10-15 15:20:00,-6.0,-10.5,-17.0,212.0,13.1
2019-10-15 15:30:00,-4.5,-10.5,-18.0,240.3,12.0
2019-10-15 15:40:00,-7.0,-13.5,-20.0,209.6,13.2
2019-10-15 15:50:00,-6.5,-11.5,-18.0,215.9,15.9
2019-10-15 16:00:00,-6.0,-13.0,-20.0,213.0,13.7
2019-10-15 16:10:00,-6.5,-11.5,-18.0,188.1,14.8
2019-10-15 16:20:00,-5.5,-12.0,-19.0,208.6,13.8
2019-10-15 16:30:00,-9.5,-16.0,-22.0,196.9,14.2
2019-10-15 16:40:00,-9.0,-15.5,-22.0,199.3,10.0
2019-10-15 16:50:00,-3.5,-11.5,-18.5,236.4,13.6
2019-10-15 17:00:00,-8.5,-16.0,-22.5,214.0,10.3
2019-10-15 17:10:00,-5.5,-12.0,-18.5,215.4,14.7
2019-10-15 17:20:00,-6.5,-12.0,-18.5,239.4,13.3
2019-10-15 17:30:00,-8.5,-14.5,-21.5,229.6,11.9
2019-10-15 17:40:00,-3.5,-12.5,-19.0,192.0,16.3
2019-10-15 17:50:00,-7.0,-14.5,-21.0,209.1,9.9
2019-10-15 18:00:00,-3.5,-12.5,-18.5,186.6,15.2
2019-10-15 18:10:00,-9.5,-13.5,-20.5,181.8,11.0
2019-10-15 18:20:00,-7.5,-13.5,-19.0,178.8,17.2
2019-10-15 18:30:00,-10.5,-18.0,-24.0,180.8,8.8
2019-10-15 18:40:00,-7.5,-15.0,-21.5,177.4,8.9
2019-10-15 18:50:00,-6.0,-12.5,-19.0,185.7,13.7
2019-10-15 19:00:00,-9.0,-11.0,-18.0,173.0,14.9
2019-10-15 19:10:00,-8.5,-15.5,-21.0,176.9,14.2
2019-10-15 19:20:00,-7.5,-14.0,-20.5,180.3,15.7
2019-10-15 19:30:00,-9.0,-15.5,-21.0,181.3,11.9
2019-10-15 19:40:00,-8.0,-14.0,-20.5,178.3,11.7
2019-10-15 19:50:00,-6.5,-12.5,-19.0,188.1,12.1
2019-10-15 20:00:00,-7.5,-7.0,-15.5,180.8,11.6
2019-10-15 20:10:00,20.0,26.5,24.0,173.9,15.9
2019-10-15 20:20:00,39.5,46.5,47.0,183.2,13.7
2019-10-15 20:30:00,52.0,60.0,49.0,171.5,13.6
2019-10-15 20:40:00,10.5,9.5,2.0,196.9,12.7
2019-10-15 20:50:00,-39.5,-5.5,-8.5,194.9,8.7
2019-10-15 21:00:00,-39.5,-8.0,-12.0,173.0,13.7
2019-10-15 21:10:00,-2.5,-7.0,-13.0,168.6,14.9
2019-10-15 21:20:00,-5.5,-11.5,-17.5,165.6,16.0
2019-10-15 21:30:00,-6.0,-13.0,-18.5,167.6,15.3
2019-10-15 21:40:00,-5.5,-13.0,-19.0,166.6,16.9
2019-10-15 21:50:00,-6.5,-13.0,-20.0,195.9,9.8
2019-10-15 22:00:00,-8.5,-11.0,-20.0,172.5,12.4
2019-10-15 22:10:00,-6.5,-13.5,-20.0,170.0,12.4
2019-10-15 22:20:00,-5.0,-8.5,-15.0,162.7,18.3
2019-10-15 22:30:00,-5.5,-12.5,-19.0,177.8,15.9
2019-10-15 22:40:00,-9.5,-15.0,-23.0,176.4,11.5
2019-10-15 22:50:00,-7.5,-13.5,-20.5,196.9,12.8
2019-10-15 23:00:00,-7.5,-10.0,-18.0,188.1,11.0
2019-10-15 23:10:00,-7.0,-14.0,-20.0,177.8,15.4
2019-10-15 23:20:00,-7.5,-14.5,-21.0,201.8,15.2
2019-10-15 23:30:00,-9.0,-15.5,-21.5,176.4,12.8
2019-10-15 23:40:00,-6.5,-13.5,-19.5,186.1,12.1
2019-10-15 23:50:00,-6.0,-9.0,-15.5,176.4,16.1
2019-10-16 00:00:00,-10.0,-17.0,-22.5,177.4,12.7
2019-10-16 00:10:00,-9.0,-15.5,-21.5,160.8,11.3
2019-10-16 00:20:00,-5.5,-13.0,-19.0,170.0,15.3
2019-10-16 00:30:00,-7.0,-14.5,-20.5,170.5,13.3
2019-10-16 00:40:00,-6.5,-9.0,-15.0,152.0,13.6
2019-10-16 00:50:00,-8.5,-15.0,-20.5,163.2,15.5
2019-10-16 01:00:00,-7.5,-7.0,-15.0,143.7,20.5
2019-10-16 01:10:00,-8.5,-14.5,-20.5,176.9,13.3
2019-10-16 01:20:00,-8.5,-15.5,-20.5,170.5,13.2
2019-10-16 01:30:00,-8.0,-14.0,-19.5,164.7,15.2
2019-10-16 01:40:00,-11.0,-15.0,-21.0,162.7,9.2
2019-10-16 01:50:00,-7.5,-14.5,-20.0,150.5,15.2
2019-10-16 02:00:00,-10.5,-14.0,-20.0,161.7,9.8
2019-10-16 02:10:00,18.5,26.0,24.0,159.3,14.2
2019-10-16 02:20:00,39.5,46.5,47.0,159.3,13.6
2019-10-16 02:30:00,53.0,61.5,48.0,155.9,15.3
2019-10-16 02:40:00,-39.5,9.5,2.5,185.2,9.6
2019-10-16 02:50:00,-39.5,-3.5,-6.5,164.7,13.7
2019-10-16 03:00:00,-3.0,-4.5,-8.5,151.5,16.4
2019-10-16 03:10:00,-10.5,-13.0,-19.0,154.9,13.0
2019-10-16 03:20:00,-7.0,-11.5,-18.5,162.2,14.8
2019-10-16 03:30:00,-6.0,-12.0,-18.5,163.7,16.3
2019-10-16 03:40:00,-8.0,-15.5,-22.0,148.6,12.2
2019-10-16 03:50:00,-7.0,-13.5,-20.5,163.7,12.6
2019-10-16 04:00:00,-6.5,-5.5,-14.0,153.9,12.8
2019-10-16 04:10:00,-7.5,-14.0,-19.5,152.5,12.7
2019-10-16 04:20:00,-7.0,-12.5,-18.5,173.0,14.9
2019-10-16 04:30:00,-6.5,-10.0,-17.5,175.4,13.7
2019-10-16 04:40:00,-8.5,-13.0,-20.5,162.2,11.1
2019-10-16 04:50:00,-3.5,-12.5,-19.0,179.3,11.1
2019-10-16 05:00:00,-6.0,-6.5,-15.0,165.6,10.2
2019-10-16 05:10:00,-7.0,-7.0,-15.0,158.8,12.2
2019-10-16 05:20:00,-6.5,-11.5,-16.5,164.2,15.5
2019-10-16 05:30:00,-8.0,-15.0,-21.0,164.7,13.7
2019-10-16 05:40:00,-6.5,-13.5,-19.5,155.4,15.0
2019-10-16 05:50:00,-7.0,-14.0,-19.5,165.6,14.9
2019-10-16 06:00:00,-9.5,-15.5,-20.5,160.3,13.2
2019-10-16 06:10:00,-8.5,-14.0,-19.0,155.9,13.5
2019-10-16 06:20:00,-8.5,-14.0,-19.5,157.3,15.4
2019-10-16 06:30:00,-9.0,-8.5,-15.0,154.9,14.6
2019-10-16 06:40:00,-6.5,-14.0,-18.5,157.8,14.7
2019-10-16 06:50:00,-8.5,-8.5,-15.5,164.7,10.3
2019-10-16 07:00:00,-8.5,-15.0,-20.0,163.7,14.4
2019-10-16 07:10:00,-8.0,-13.0,-18.5,165.6,14.9
2019-10-16 07:20:00,-9.5,-10.5,-16.5,172.5,12.5
2019-10-16 07:30:00,-6.5,-14.5,-20.0,167.6,14.8
2019-10-16 07:40:00,-8.5,-8.5,-15.5,154.9,9.2
2019-10-16 07:50:00,-7.0,-13.5,-19.5,166.6,14.7
2019-10-16 08:00:00,-11.0,-15.5,-21.5,161.7,11.9
2019-10-16 08:10:00,18.0,25.0,23.0,152.0,15.2
2019-10-16 08:20:00,38.5,45.5,46.0,155.4,12.1
2019-10-16 08:30:00,51.5,59.5,51.5,155.4,13.7
2019-10-16 08:40:00,15.0,8.0,2.5,193.0,14.3
2019-10-16 08:50:00,-15.5,-4.5,-7.0,199.3,12.8
2019-10-16 09:00:00,-1.5,-7.0,-12.0,202.7,14.1
2019-10-16 09:10:00,-2.5,-10.0,-15.5,194.4,12.4
2019-10-16 09:20:00,-5.0,-12.0,-18.0,196.9,12.2
2019-10-16 09:30:00,-3.0,-10.5,-16.5,198.4,15.5
2019-10-16 09:40:00,-3.5,-11.5,-18.0,206.2,14.3
2019-10-16 09:50:00,-7.0,-13.5,-20.0,200.3,12.0
2019-10-16 10:00:00,-6.0,-12.5,-19.0,205.2,13.1
2019-10-16 10:10:00,-9.5,-15.5,-22.5,185.2,11.6
2019-10-16 10:20:00,-7.5,-13.5,-21.0,198.8,12.7
2019-10-16 10:30:00,-7.5,-14.5,-21.5,195.4,9.1
2019-10-16 10:40:00,-5.5,-12.5,-19.5,196.9,12.4
2019-10-16 10:50:00,-3.0,-11.5,-18.5,231.6,12.8
2019-10-16 11:00:00,-8.0,-14.5,-21.0,210.1,12.6
2019-10-16 11:10:00,-7.5,-14.5,-21.0,210.6,12.0
2019-10-16 11:20:00,-5.5,-11.5,-18.0,236.9,14.8
2019-10-16 11:30:00,-7.0,-13.0,-20.5,235.5,12.6
2019-10-16 11:40:00,-5.0,-10.0,-17.0,222.3,14.7
2019-10-16 11:50:00,-5.0,-12.0,-18.5,219.3,15.7
2019-10-16 12:00:00,-7.0,-13.5,-20.0,213.0,13.6
2019-10-16 12:10:00,-5.5,-12.0,-18.5,223.3,15.3
2019-10-16 12:20:00,-9.0,-15.0,-21.5,209.6,11.6
2019-10-16 12:30:00,-7.0,-13.0,-19.5,217.9,13.6
2019-10-16 12:40:00,-7.0,-13.0,-19.0,223.3,13.8
2019-10-16 12:50:00,-7.0,-7.0,-15.5,216.9,11.6
2019-10-16 13:00:00,-7.0,-13.5,-20.0,222.8,13.6
2019-10-16 13:10:00,-7.5,-13.5,-20.5,220.8,13.5
2019-10-16 13:20:00,-7.5,-13.0,-19.5,243.8,13.2
2019-10-16 13:30:00,-9.0,-11.5,-19.0,229.6,13.6
2019-10-16 13:40:00,-5.0,-12.0,-18.5,231.1,15.0
2019-10-16 13:50:00,-10.0,-17.0,-23.5,205.7,15.2
2019-10-16 14:00:00,-5.5,-12.5,-19.0,208.1,13.7
2019-10-16 14:10:00,17.5,23.0,21.0,205.2,11.7
2019-10-16 14:20:00,38.0,44.0,44.0,208.1,13.8
